"code", "system", "display", "valueset"
"ab", "https://fhir.hl7.org.uk/CodeSystem/UKCore-HumanLanguage", "Abkhazian", "UKCore-HumanLanguage"
"aa", "https://fhir.hl7.org.uk/CodeSystem/UKCore-HumanLanguage", "Afar", "UKCore-HumanLanguage"
"af", "https://fhir.hl7.org.uk/CodeSystem/UKCore-HumanLanguage", "Afrikaans", "UKCore-HumanLanguage"
"ak", "https://fhir.hl7.org.uk/CodeSystem/UKCore-HumanLanguage", "Akan", "UKCore-HumanLanguage"
"sq", "https://fhir.hl7.org.uk/CodeSystem/UKCore-HumanLanguage", "Albanian", "UKCore-HumanLanguage"
"q2", "https://fhir.hl7.org.uk/CodeSystem/UKCore-HumanLanguage", "American Sign Language", "UKCore-HumanLanguage"
"am", "https://fhir.hl7.org.uk/CodeSystem/UKCore-HumanLanguage", "Amharic", "UKCore-HumanLanguage"
"ar", "https://fhir.hl7.org.uk/CodeSystem/UKCore-HumanLanguage", "Arabic", "UKCore-HumanLanguage"
"an", "https://fhir.hl7.org.uk/CodeSystem/UKCore-HumanLanguage", "Aragonese", "UKCore-HumanLanguage"
"hy", "https://fhir.hl7.org.uk/CodeSystem/UKCore-HumanLanguage", "Armenian", "UKCore-HumanLanguage"
"as", "https://fhir.hl7.org.uk/CodeSystem/UKCore-HumanLanguage", "Assamese", "UKCore-HumanLanguage"
"q3", "https://fhir.hl7.org.uk/CodeSystem/UKCore-HumanLanguage", "Australian Sign Language", "UKCore-HumanLanguage"
"av", "https://fhir.hl7.org.uk/CodeSystem/UKCore-HumanLanguage", "Avaric", "UKCore-HumanLanguage"
"ae", "https://fhir.hl7.org.uk/CodeSystem/UKCore-HumanLanguage", "Avestan", "UKCore-HumanLanguage"
"ay", "https://fhir.hl7.org.uk/CodeSystem/UKCore-HumanLanguage", "Aymara", "UKCore-HumanLanguage"
"az", "https://fhir.hl7.org.uk/CodeSystem/UKCore-HumanLanguage", "Azerbaijani", "UKCore-HumanLanguage"
"bm", "https://fhir.hl7.org.uk/CodeSystem/UKCore-HumanLanguage", "Bambara", "UKCore-HumanLanguage"
"ba", "https://fhir.hl7.org.uk/CodeSystem/UKCore-HumanLanguage", "Bashkir", "UKCore-HumanLanguage"
"eu", "https://fhir.hl7.org.uk/CodeSystem/UKCore-HumanLanguage", "Basque", "UKCore-HumanLanguage"
"be", "https://fhir.hl7.org.uk/CodeSystem/UKCore-HumanLanguage", "Belarusian", "UKCore-HumanLanguage"
"bn", "https://fhir.hl7.org.uk/CodeSystem/UKCore-HumanLanguage", "Bengali", "UKCore-HumanLanguage"
"bh", "https://fhir.hl7.org.uk/CodeSystem/UKCore-HumanLanguage", "Bihari", "UKCore-HumanLanguage"
"bi", "https://fhir.hl7.org.uk/CodeSystem/UKCore-HumanLanguage", "Bislama", "UKCore-HumanLanguage"
"nb", "https://fhir.hl7.org.uk/CodeSystem/UKCore-HumanLanguage", "Bokmal, Norwegian; Norwegian Bokmal", "UKCore-HumanLanguage"
"bs", "https://fhir.hl7.org.uk/CodeSystem/UKCore-HumanLanguage", "Bosnian", "UKCore-HumanLanguage"
"q1", "https://fhir.hl7.org.uk/CodeSystem/UKCore-HumanLanguage", "Braille", "UKCore-HumanLanguage"
"br", "https://fhir.hl7.org.uk/CodeSystem/UKCore-HumanLanguage", "Breton", "UKCore-HumanLanguage"
"q4", "https://fhir.hl7.org.uk/CodeSystem/UKCore-HumanLanguage", "British Sign Language", "UKCore-HumanLanguage"
"bg", "https://fhir.hl7.org.uk/CodeSystem/UKCore-HumanLanguage", "Bulgarian", "UKCore-HumanLanguage"
"my", "https://fhir.hl7.org.uk/CodeSystem/UKCore-HumanLanguage", "Burmese", "UKCore-HumanLanguage"
"ca", "https://fhir.hl7.org.uk/CodeSystem/UKCore-HumanLanguage", "Catalan; Valencian", "UKCore-HumanLanguage"
"km", "https://fhir.hl7.org.uk/CodeSystem/UKCore-HumanLanguage", "Central Khmer", "UKCore-HumanLanguage"
"ch", "https://fhir.hl7.org.uk/CodeSystem/UKCore-HumanLanguage", "Chamorro", "UKCore-HumanLanguage"
"ce", "https://fhir.hl7.org.uk/CodeSystem/UKCore-HumanLanguage", "Chechen", "UKCore-HumanLanguage"
"ny", "https://fhir.hl7.org.uk/CodeSystem/UKCore-HumanLanguage", "Chichewa; Chewa; Nyanja", "UKCore-HumanLanguage"
"zh", "https://fhir.hl7.org.uk/CodeSystem/UKCore-HumanLanguage", "Chinese", "UKCore-HumanLanguage"
"cu", "https://fhir.hl7.org.uk/CodeSystem/UKCore-HumanLanguage", "Church Slavic; Old Slavonic; Church Slavonic; Old Bulgarian; Old Church Slavonic", "UKCore-HumanLanguage"
"cv", "https://fhir.hl7.org.uk/CodeSystem/UKCore-HumanLanguage", "Chuvash", "UKCore-HumanLanguage"
"kw", "https://fhir.hl7.org.uk/CodeSystem/UKCore-HumanLanguage", "Cornish", "UKCore-HumanLanguage"
"co", "https://fhir.hl7.org.uk/CodeSystem/UKCore-HumanLanguage", "Corsican", "UKCore-HumanLanguage"
"cr", "https://fhir.hl7.org.uk/CodeSystem/UKCore-HumanLanguage", "Cree", "UKCore-HumanLanguage"
"hr", "https://fhir.hl7.org.uk/CodeSystem/UKCore-HumanLanguage", "Croatian", "UKCore-HumanLanguage"
"cs", "https://fhir.hl7.org.uk/CodeSystem/UKCore-HumanLanguage", "Czech", "UKCore-HumanLanguage"
"da", "https://fhir.hl7.org.uk/CodeSystem/UKCore-HumanLanguage", "Danish", "UKCore-HumanLanguage"
"dv", "https://fhir.hl7.org.uk/CodeSystem/UKCore-HumanLanguage", "Divehi; Dhivehi; Maldivian", "UKCore-HumanLanguage"
"nl", "https://fhir.hl7.org.uk/CodeSystem/UKCore-HumanLanguage", "Dutch; Flemish", "UKCore-HumanLanguage"
"dz", "https://fhir.hl7.org.uk/CodeSystem/UKCore-HumanLanguage", "Dzongkha", "UKCore-HumanLanguage"
"en", "https://fhir.hl7.org.uk/CodeSystem/UKCore-HumanLanguage", "English", "UKCore-HumanLanguage"
"eo", "https://fhir.hl7.org.uk/CodeSystem/UKCore-HumanLanguage", "Esperanto", "UKCore-HumanLanguage"
"et", "https://fhir.hl7.org.uk/CodeSystem/UKCore-HumanLanguage", "Estonian", "UKCore-HumanLanguage"
"ee", "https://fhir.hl7.org.uk/CodeSystem/UKCore-HumanLanguage", "Ewe", "UKCore-HumanLanguage"
"fo", "https://fhir.hl7.org.uk/CodeSystem/UKCore-HumanLanguage", "Faroese", "UKCore-HumanLanguage"
"fj", "https://fhir.hl7.org.uk/CodeSystem/UKCore-HumanLanguage", "Fijian", "UKCore-HumanLanguage"
"fi", "https://fhir.hl7.org.uk/CodeSystem/UKCore-HumanLanguage", "Finnish", "UKCore-HumanLanguage"
"fr", "https://fhir.hl7.org.uk/CodeSystem/UKCore-HumanLanguage", "French", "UKCore-HumanLanguage"
"ff", "https://fhir.hl7.org.uk/CodeSystem/UKCore-HumanLanguage", "Fulah", "UKCore-HumanLanguage"
"gd", "https://fhir.hl7.org.uk/CodeSystem/UKCore-HumanLanguage", "Gaelic; Scottish Gaelic", "UKCore-HumanLanguage"
"gl", "https://fhir.hl7.org.uk/CodeSystem/UKCore-HumanLanguage", "Galician", "UKCore-HumanLanguage"
"lg", "https://fhir.hl7.org.uk/CodeSystem/UKCore-HumanLanguage", "Ganda", "UKCore-HumanLanguage"
"ka", "https://fhir.hl7.org.uk/CodeSystem/UKCore-HumanLanguage", "Georgian", "UKCore-HumanLanguage"
"de", "https://fhir.hl7.org.uk/CodeSystem/UKCore-HumanLanguage", "German", "UKCore-HumanLanguage"
"el", "https://fhir.hl7.org.uk/CodeSystem/UKCore-HumanLanguage", "Greek, Modern (1453-)", "UKCore-HumanLanguage"
"gn", "https://fhir.hl7.org.uk/CodeSystem/UKCore-HumanLanguage", "Guarani", "UKCore-HumanLanguage"
"gu", "https://fhir.hl7.org.uk/CodeSystem/UKCore-HumanLanguage", "Gujarati", "UKCore-HumanLanguage"
"ht", "https://fhir.hl7.org.uk/CodeSystem/UKCore-HumanLanguage", "Haitian; Haitian Creole", "UKCore-HumanLanguage"
"ha", "https://fhir.hl7.org.uk/CodeSystem/UKCore-HumanLanguage", "Hausa", "UKCore-HumanLanguage"
"he", "https://fhir.hl7.org.uk/CodeSystem/UKCore-HumanLanguage", "Hebrew", "UKCore-HumanLanguage"
"hz", "https://fhir.hl7.org.uk/CodeSystem/UKCore-HumanLanguage", "Herero", "UKCore-HumanLanguage"
"hi", "https://fhir.hl7.org.uk/CodeSystem/UKCore-HumanLanguage", "Hindi", "UKCore-HumanLanguage"
"ho", "https://fhir.hl7.org.uk/CodeSystem/UKCore-HumanLanguage", "Hiri Motu", "UKCore-HumanLanguage"
"hu", "https://fhir.hl7.org.uk/CodeSystem/UKCore-HumanLanguage", "Hungarian", "UKCore-HumanLanguage"
"is", "https://fhir.hl7.org.uk/CodeSystem/UKCore-HumanLanguage", "Icelandic", "UKCore-HumanLanguage"
"io", "https://fhir.hl7.org.uk/CodeSystem/UKCore-HumanLanguage", "Ido", "UKCore-HumanLanguage"
"ig", "https://fhir.hl7.org.uk/CodeSystem/UKCore-HumanLanguage", "Igbo", "UKCore-HumanLanguage"
"id", "https://fhir.hl7.org.uk/CodeSystem/UKCore-HumanLanguage", "Indonesian", "UKCore-HumanLanguage"
"ia", "https://fhir.hl7.org.uk/CodeSystem/UKCore-HumanLanguage", "Interlingua (International Auxiliary Language Association)", "UKCore-HumanLanguage"
"ie", "https://fhir.hl7.org.uk/CodeSystem/UKCore-HumanLanguage", "Interlingue", "UKCore-HumanLanguage"
"iu", "https://fhir.hl7.org.uk/CodeSystem/UKCore-HumanLanguage", "Inuktitut", "UKCore-HumanLanguage"
"ik", "https://fhir.hl7.org.uk/CodeSystem/UKCore-HumanLanguage", "Inupiaq", "UKCore-HumanLanguage"
"ga", "https://fhir.hl7.org.uk/CodeSystem/UKCore-HumanLanguage", "Irish", "UKCore-HumanLanguage"
"it", "https://fhir.hl7.org.uk/CodeSystem/UKCore-HumanLanguage", "Italian", "UKCore-HumanLanguage"
"ja", "https://fhir.hl7.org.uk/CodeSystem/UKCore-HumanLanguage", "Japanese", "UKCore-HumanLanguage"
"jv", "https://fhir.hl7.org.uk/CodeSystem/UKCore-HumanLanguage", "Javanese", "UKCore-HumanLanguage"
"kl", "https://fhir.hl7.org.uk/CodeSystem/UKCore-HumanLanguage", "Kalaallisut; Greenlandic", "UKCore-HumanLanguage"
"kn", "https://fhir.hl7.org.uk/CodeSystem/UKCore-HumanLanguage", "Kannada", "UKCore-HumanLanguage"
"kr", "https://fhir.hl7.org.uk/CodeSystem/UKCore-HumanLanguage", "Kanuri", "UKCore-HumanLanguage"
"ks", "https://fhir.hl7.org.uk/CodeSystem/UKCore-HumanLanguage", "Kashmiri", "UKCore-HumanLanguage"
"kk", "https://fhir.hl7.org.uk/CodeSystem/UKCore-HumanLanguage", "Kazakh", "UKCore-HumanLanguage"
"ki", "https://fhir.hl7.org.uk/CodeSystem/UKCore-HumanLanguage", "Kikuyu; Gikuyu", "UKCore-HumanLanguage"
"rw", "https://fhir.hl7.org.uk/CodeSystem/UKCore-HumanLanguage", "Kinyarwanda", "UKCore-HumanLanguage"
"ky", "https://fhir.hl7.org.uk/CodeSystem/UKCore-HumanLanguage", "Kirghiz; Kyrgyz", "UKCore-HumanLanguage"
"kv", "https://fhir.hl7.org.uk/CodeSystem/UKCore-HumanLanguage", "Komi", "UKCore-HumanLanguage"
"kg", "https://fhir.hl7.org.uk/CodeSystem/UKCore-HumanLanguage", "Kongo", "UKCore-HumanLanguage"
"ko", "https://fhir.hl7.org.uk/CodeSystem/UKCore-HumanLanguage", "Korean", "UKCore-HumanLanguage"
"kj", "https://fhir.hl7.org.uk/CodeSystem/UKCore-HumanLanguage", "Kuanyama; Kwanyama", "UKCore-HumanLanguage"
"ku", "https://fhir.hl7.org.uk/CodeSystem/UKCore-HumanLanguage", "Kurdish", "UKCore-HumanLanguage"
"lo", "https://fhir.hl7.org.uk/CodeSystem/UKCore-HumanLanguage", "Lao", "UKCore-HumanLanguage"
"la", "https://fhir.hl7.org.uk/CodeSystem/UKCore-HumanLanguage", "Latin", "UKCore-HumanLanguage"
"lv", "https://fhir.hl7.org.uk/CodeSystem/UKCore-HumanLanguage", "Latvian", "UKCore-HumanLanguage"
"li", "https://fhir.hl7.org.uk/CodeSystem/UKCore-HumanLanguage", "Limburgan; Limburger; Limburgish", "UKCore-HumanLanguage"
"ln", "https://fhir.hl7.org.uk/CodeSystem/UKCore-HumanLanguage", "Lingala", "UKCore-HumanLanguage"
"lt", "https://fhir.hl7.org.uk/CodeSystem/UKCore-HumanLanguage", "Lithuanian", "UKCore-HumanLanguage"
"lu", "https://fhir.hl7.org.uk/CodeSystem/UKCore-HumanLanguage", "Luba-Katanga", "UKCore-HumanLanguage"
"lb", "https://fhir.hl7.org.uk/CodeSystem/UKCore-HumanLanguage", "Luxembourgish; Letzeburgesch", "UKCore-HumanLanguage"
"mk", "https://fhir.hl7.org.uk/CodeSystem/UKCore-HumanLanguage", "Macedonian", "UKCore-HumanLanguage"
"q5", "https://fhir.hl7.org.uk/CodeSystem/UKCore-HumanLanguage", "Makaton", "UKCore-HumanLanguage"
"mg", "https://fhir.hl7.org.uk/CodeSystem/UKCore-HumanLanguage", "Malagasy", "UKCore-HumanLanguage"
"ms", "https://fhir.hl7.org.uk/CodeSystem/UKCore-HumanLanguage", "Malay", "UKCore-HumanLanguage"
"ml", "https://fhir.hl7.org.uk/CodeSystem/UKCore-HumanLanguage", "Malayalam", "UKCore-HumanLanguage"
"mt", "https://fhir.hl7.org.uk/CodeSystem/UKCore-HumanLanguage", "Maltese", "UKCore-HumanLanguage"
"gv", "https://fhir.hl7.org.uk/CodeSystem/UKCore-HumanLanguage", "Manx", "UKCore-HumanLanguage"
"mi", "https://fhir.hl7.org.uk/CodeSystem/UKCore-HumanLanguage", "Maori", "UKCore-HumanLanguage"
"mr", "https://fhir.hl7.org.uk/CodeSystem/UKCore-HumanLanguage", "Marathi", "UKCore-HumanLanguage"
"mh", "https://fhir.hl7.org.uk/CodeSystem/UKCore-HumanLanguage", "Marshallese", "UKCore-HumanLanguage"
"mo", "https://fhir.hl7.org.uk/CodeSystem/UKCore-HumanLanguage", "Moldavian", "UKCore-HumanLanguage"
"mn", "https://fhir.hl7.org.uk/CodeSystem/UKCore-HumanLanguage", "Mongolian", "UKCore-HumanLanguage"
"na", "https://fhir.hl7.org.uk/CodeSystem/UKCore-HumanLanguage", "Nauru", "UKCore-HumanLanguage"
"nv", "https://fhir.hl7.org.uk/CodeSystem/UKCore-HumanLanguage", "Navajo; Navaho", "UKCore-HumanLanguage"
"nd", "https://fhir.hl7.org.uk/CodeSystem/UKCore-HumanLanguage", "Ndebele, North; North Ndebele", "UKCore-HumanLanguage"
"nr", "https://fhir.hl7.org.uk/CodeSystem/UKCore-HumanLanguage", "Ndebele, South; South Ndebele", "UKCore-HumanLanguage"
"ng", "https://fhir.hl7.org.uk/CodeSystem/UKCore-HumanLanguage", "Ndonga", "UKCore-HumanLanguage"
"ne", "https://fhir.hl7.org.uk/CodeSystem/UKCore-HumanLanguage", "Nepali", "UKCore-HumanLanguage"
"se", "https://fhir.hl7.org.uk/CodeSystem/UKCore-HumanLanguage", "Northern Sami", "UKCore-HumanLanguage"
"no", "https://fhir.hl7.org.uk/CodeSystem/UKCore-HumanLanguage", "Norwegian", "UKCore-HumanLanguage"
"nn", "https://fhir.hl7.org.uk/CodeSystem/UKCore-HumanLanguage", "Norwegian Nynorsk; Nynorsk, Norwegian", "UKCore-HumanLanguage"
"oc", "https://fhir.hl7.org.uk/CodeSystem/UKCore-HumanLanguage", "Occitan (post1500); Provencal", "UKCore-HumanLanguage"
"oj", "https://fhir.hl7.org.uk/CodeSystem/UKCore-HumanLanguage", "Ojibwa", "UKCore-HumanLanguage"
"or", "https://fhir.hl7.org.uk/CodeSystem/UKCore-HumanLanguage", "Oriya", "UKCore-HumanLanguage"
"om", "https://fhir.hl7.org.uk/CodeSystem/UKCore-HumanLanguage", "Oromo", "UKCore-HumanLanguage"
"os", "https://fhir.hl7.org.uk/CodeSystem/UKCore-HumanLanguage", "Ossetian; Ossetic", "UKCore-HumanLanguage"
"pi", "https://fhir.hl7.org.uk/CodeSystem/UKCore-HumanLanguage", "Pali", "UKCore-HumanLanguage"
"pa", "https://fhir.hl7.org.uk/CodeSystem/UKCore-HumanLanguage", "Panjabi; Punjabi", "UKCore-HumanLanguage"
"fa", "https://fhir.hl7.org.uk/CodeSystem/UKCore-HumanLanguage", "Persian", "UKCore-HumanLanguage"
"pl", "https://fhir.hl7.org.uk/CodeSystem/UKCore-HumanLanguage", "Polish", "UKCore-HumanLanguage"
"pt", "https://fhir.hl7.org.uk/CodeSystem/UKCore-HumanLanguage", "Portuguese", "UKCore-HumanLanguage"
"ps", "https://fhir.hl7.org.uk/CodeSystem/UKCore-HumanLanguage", "Pushto", "UKCore-HumanLanguage"
"qu", "https://fhir.hl7.org.uk/CodeSystem/UKCore-HumanLanguage", "Quechua", "UKCore-HumanLanguage"
"ro", "https://fhir.hl7.org.uk/CodeSystem/UKCore-HumanLanguage", "Romanian", "UKCore-HumanLanguage"
"rm", "https://fhir.hl7.org.uk/CodeSystem/UKCore-HumanLanguage", "Romansh", "UKCore-HumanLanguage"
"rn", "https://fhir.hl7.org.uk/CodeSystem/UKCore-HumanLanguage", "Rundi", "UKCore-HumanLanguage"
"ru", "https://fhir.hl7.org.uk/CodeSystem/UKCore-HumanLanguage", "Russian", "UKCore-HumanLanguage"
"sm", "https://fhir.hl7.org.uk/CodeSystem/UKCore-HumanLanguage", "Samoan", "UKCore-HumanLanguage"
"sg", "https://fhir.hl7.org.uk/CodeSystem/UKCore-HumanLanguage", "Sango", "UKCore-HumanLanguage"
"sa", "https://fhir.hl7.org.uk/CodeSystem/UKCore-HumanLanguage", "Sanskrit", "UKCore-HumanLanguage"
"sc", "https://fhir.hl7.org.uk/CodeSystem/UKCore-HumanLanguage", "Sardinian", "UKCore-HumanLanguage"
"sr", "https://fhir.hl7.org.uk/CodeSystem/UKCore-HumanLanguage", "Serbian", "UKCore-HumanLanguage"
"sn", "https://fhir.hl7.org.uk/CodeSystem/UKCore-HumanLanguage", "Shona", "UKCore-HumanLanguage"
"ii", "https://fhir.hl7.org.uk/CodeSystem/UKCore-HumanLanguage", "Sichuan Yi", "UKCore-HumanLanguage"
"sd", "https://fhir.hl7.org.uk/CodeSystem/UKCore-HumanLanguage", "Sindhi", "UKCore-HumanLanguage"
"si", "https://fhir.hl7.org.uk/CodeSystem/UKCore-HumanLanguage", "Sinhala; Sinhalese", "UKCore-HumanLanguage"
"sk", "https://fhir.hl7.org.uk/CodeSystem/UKCore-HumanLanguage", "Slovak", "UKCore-HumanLanguage"
"sl", "https://fhir.hl7.org.uk/CodeSystem/UKCore-HumanLanguage", "Slovenian", "UKCore-HumanLanguage"
"so", "https://fhir.hl7.org.uk/CodeSystem/UKCore-HumanLanguage", "Somali", "UKCore-HumanLanguage"
"st", "https://fhir.hl7.org.uk/CodeSystem/UKCore-HumanLanguage", "Sotho, Southern", "UKCore-HumanLanguage"
"es", "https://fhir.hl7.org.uk/CodeSystem/UKCore-HumanLanguage", "Spanish; Castilian", "UKCore-HumanLanguage"
"su", "https://fhir.hl7.org.uk/CodeSystem/UKCore-HumanLanguage", "Sundanese", "UKCore-HumanLanguage"
"sw", "https://fhir.hl7.org.uk/CodeSystem/UKCore-HumanLanguage", "Swahili", "UKCore-HumanLanguage"
"ss", "https://fhir.hl7.org.uk/CodeSystem/UKCore-HumanLanguage", "Swati", "UKCore-HumanLanguage"
"sv", "https://fhir.hl7.org.uk/CodeSystem/UKCore-HumanLanguage", "Swedish", "UKCore-HumanLanguage"
"tl", "https://fhir.hl7.org.uk/CodeSystem/UKCore-HumanLanguage", "Tagalog", "UKCore-HumanLanguage"
"ty", "https://fhir.hl7.org.uk/CodeSystem/UKCore-HumanLanguage", "Tahitian", "UKCore-HumanLanguage"
"tg", "https://fhir.hl7.org.uk/CodeSystem/UKCore-HumanLanguage", "Tajik", "UKCore-HumanLanguage"
"ta", "https://fhir.hl7.org.uk/CodeSystem/UKCore-HumanLanguage", "Tamil", "UKCore-HumanLanguage"
"tt", "https://fhir.hl7.org.uk/CodeSystem/UKCore-HumanLanguage", "Tatar", "UKCore-HumanLanguage"
"te", "https://fhir.hl7.org.uk/CodeSystem/UKCore-HumanLanguage", "Telugu", "UKCore-HumanLanguage"
"th", "https://fhir.hl7.org.uk/CodeSystem/UKCore-HumanLanguage", "Thai", "UKCore-HumanLanguage"
"bo", "https://fhir.hl7.org.uk/CodeSystem/UKCore-HumanLanguage", "Tibetan", "UKCore-HumanLanguage"
"ti", "https://fhir.hl7.org.uk/CodeSystem/UKCore-HumanLanguage", "Tigrinya", "UKCore-HumanLanguage"
"to", "https://fhir.hl7.org.uk/CodeSystem/UKCore-HumanLanguage", "Tonga (Tonga Islands)", "UKCore-HumanLanguage"
"ts", "https://fhir.hl7.org.uk/CodeSystem/UKCore-HumanLanguage", "Tsonga", "UKCore-HumanLanguage"
"tn", "https://fhir.hl7.org.uk/CodeSystem/UKCore-HumanLanguage", "Tswana", "UKCore-HumanLanguage"
"tr", "https://fhir.hl7.org.uk/CodeSystem/UKCore-HumanLanguage", "Turkish", "UKCore-HumanLanguage"
"tk", "https://fhir.hl7.org.uk/CodeSystem/UKCore-HumanLanguage", "Turkmen", "UKCore-HumanLanguage"
"tw", "https://fhir.hl7.org.uk/CodeSystem/UKCore-HumanLanguage", "Twi", "UKCore-HumanLanguage"
"ug", "https://fhir.hl7.org.uk/CodeSystem/UKCore-HumanLanguage", "Uighur; Uyghur", "UKCore-HumanLanguage"
"uk", "https://fhir.hl7.org.uk/CodeSystem/UKCore-HumanLanguage", "Ukrainian", "UKCore-HumanLanguage"
"ur", "https://fhir.hl7.org.uk/CodeSystem/UKCore-HumanLanguage", "Urdu", "UKCore-HumanLanguage"
"uz", "https://fhir.hl7.org.uk/CodeSystem/UKCore-HumanLanguage", "Uzbek", "UKCore-HumanLanguage"
"ve", "https://fhir.hl7.org.uk/CodeSystem/UKCore-HumanLanguage", "Venda", "UKCore-HumanLanguage"
"vi", "https://fhir.hl7.org.uk/CodeSystem/UKCore-HumanLanguage", "Vietnamese", "UKCore-HumanLanguage"
"vo", "https://fhir.hl7.org.uk/CodeSystem/UKCore-HumanLanguage", "Volapuk", "UKCore-HumanLanguage"
"wa", "https://fhir.hl7.org.uk/CodeSystem/UKCore-HumanLanguage", "Walloon", "UKCore-HumanLanguage"
"cy", "https://fhir.hl7.org.uk/CodeSystem/UKCore-HumanLanguage", "Welsh", "UKCore-HumanLanguage"
"fy", "https://fhir.hl7.org.uk/CodeSystem/UKCore-HumanLanguage", "Western Frisian", "UKCore-HumanLanguage"
"wo", "https://fhir.hl7.org.uk/CodeSystem/UKCore-HumanLanguage", "Wolof", "UKCore-HumanLanguage"
"xh", "https://fhir.hl7.org.uk/CodeSystem/UKCore-HumanLanguage", "Xhosa", "UKCore-HumanLanguage"
"yi", "https://fhir.hl7.org.uk/CodeSystem/UKCore-HumanLanguage", "Yiddish", "UKCore-HumanLanguage"
"yo", "https://fhir.hl7.org.uk/CodeSystem/UKCore-HumanLanguage", "Yoruba", "UKCore-HumanLanguage"
"za", "https://fhir.hl7.org.uk/CodeSystem/UKCore-HumanLanguage", "Zhuang; Chuang", "UKCore-HumanLanguage"
"zu", "https://fhir.hl7.org.uk/CodeSystem/UKCore-HumanLanguage", "Zulu", "UKCore-HumanLanguage"
"39572811000001106", "http://snomed.info/sct", "12-hour modified-release capsule", "UKCoreMedicationForm"
"39572911000001101", "http://snomed.info/sct", "12-hour modified-release tablet", "UKCoreMedicationForm"
"39573011000001109", "http://snomed.info/sct", "24-hour modified-release capsule", "UKCoreMedicationForm"
"39573111000001105", "http://snomed.info/sct", "24-hour modified-release tablet", "UKCoreMedicationForm"
"35367611000001109", "http://snomed.info/sct", "Aerosol generator", "UKCoreMedicationForm"
"35366811000001106", "http://snomed.info/sct", "Bath additive", "UKCoreMedicationForm"
"36407611000001102", "http://snomed.info/sct", "Bladder irrigation", "UKCoreMedicationForm"
"443424002", "http://snomed.info/sct", "Buccal film", "UKCoreMedicationForm"
"385085006", "http://snomed.info/sct", "Buccal tablet", "UKCoreMedicationForm"
"385048003", "http://snomed.info/sct", "Cachet", "UKCoreMedicationForm"
"385049006", "http://snomed.info/sct", "Capsule", "UKCoreMedicationForm"
"419202002", "http://snomed.info/sct", "Cement", "UKCoreMedicationForm"
"32356811000001101", "http://snomed.info/sct", "Chewable capsule", "UKCoreMedicationForm"
"66076007", "http://snomed.info/sct", "Chewable tablet", "UKCoreMedicationForm"
"385115001", "http://snomed.info/sct", "Collodion", "UKCoreMedicationForm"
"36407411000001100", "http://snomed.info/sct", "Colloidal suspension for injection", "UKCoreMedicationForm"
"37981711000001101", "http://snomed.info/sct", "Concentrate and solvent for solution for injection", "UKCoreMedicationForm"
"19276111000001108", "http://snomed.info/sct", "Concentrate for oral solution", "UKCoreMedicationForm"
"385099005", "http://snomed.info/sct", "Cream", "UKCoreMedicationForm"
"385111005", "http://snomed.info/sct", "Cutaneous emulsion", "UKCoreMedicationForm"
"17309711000001108", "http://snomed.info/sct", "Cutaneous patch", "UKCoreMedicationForm"
"385108009", "http://snomed.info/sct", "Cutaneous solution", "UKCoreMedicationForm"
"385119007", "http://snomed.info/sct", "Cutaneous sponge", "UKCoreMedicationForm"
"385106008", "http://snomed.info/sct", "Cutaneous spray solution", "UKCoreMedicationForm"
"385088008", "http://snomed.info/sct", "Dental gel", "UKCoreMedicationForm"
"385090009", "http://snomed.info/sct", "Dental insert", "UKCoreMedicationForm"
"385095004", "http://snomed.info/sct", "Dental suspension", "UKCoreMedicationForm"
"35366911000001101", "http://snomed.info/sct", "Dispersible tablet", "UKCoreMedicationForm"
"36104911000001101", "http://snomed.info/sct", "Dispersion for infusion", "UKCoreMedicationForm"
"34538111000001100", "http://snomed.info/sct", "Dispersion for injection", "UKCoreMedicationForm"
"426684005", "http://snomed.info/sct", "Drops", "UKCoreMedicationForm"
"385136004", "http://snomed.info/sct", "Ear drops", "UKCoreMedicationForm"
"17960711000001109", "http://snomed.info/sct", "Ear/eye drops solution", "UKCoreMedicationForm"
"17960811000001101", "http://snomed.info/sct", "Ear/eye/nose drops solution", "UKCoreMedicationForm"
"385044001", "http://snomed.info/sct", "Effervescent granules", "UKCoreMedicationForm"
"36407811000001103", "http://snomed.info/sct", "Effervescent powder", "UKCoreMedicationForm"
"764780001", "http://snomed.info/sct", "Effervescent tablet", "UKCoreMedicationForm"
"385179002", "http://snomed.info/sct", "Effervescent vaginal tablet", "UKCoreMedicationForm"
"15647811000001107", "http://snomed.info/sct", "Emulsion and suspension for emulsion for injection", "UKCoreMedicationForm"
"14955111000001100", "http://snomed.info/sct", "Emulsion for infusion", "UKCoreMedicationForm"
"385221006", "http://snomed.info/sct", "Emulsion for injection", "UKCoreMedicationForm"
"385186005", "http://snomed.info/sct", "Enema", "UKCoreMedicationForm"
"4751611000001101", "http://snomed.info/sct", "Epidural infusion", "UKCoreMedicationForm"
"385124005", "http://snomed.info/sct", "Eye drops", "UKCoreMedicationForm"
"385122009", "http://snomed.info/sct", "Eye gel", "UKCoreMedicationForm"
"385130005", "http://snomed.info/sct", "Eye lotion", "UKCoreMedicationForm"
"385123004", "http://snomed.info/sct", "Eye ointment", "UKCoreMedicationForm"
"421166008", "http://snomed.info/sct", "Foam", "UKCoreMedicationForm"
"385065007", "http://snomed.info/sct", "Gargle", "UKCoreMedicationForm"
"34012811000001100", "http://snomed.info/sct", "Gas and solvent for dispersion for injection/infusion", "UKCoreMedicationForm"
"385052003", "http://snomed.info/sct", "Gastro-resistant capsule", "UKCoreMedicationForm"
"385045000", "http://snomed.info/sct", "Gastro-resistant granules", "UKCoreMedicationForm"
"385059007", "http://snomed.info/sct", "Gastro-resistant tablet", "UKCoreMedicationForm"
"35367711000001100", "http://snomed.info/sct", "Gastroenteral liquid", "UKCoreMedicationForm"
"385100002", "http://snomed.info/sct", "Gel", "UKCoreMedicationForm"
"17644011000001108", "http://snomed.info/sct", "Gel for injection", "UKCoreMedicationForm"
"385043007", "http://snomed.info/sct", "Granules", "UKCoreMedicationForm"
"385029002", "http://snomed.info/sct", "Granules for oral suspension", "UKCoreMedicationForm"
"385037005", "http://snomed.info/sct", "Herbal tea", "UKCoreMedicationForm"
"421145000", "http://snomed.info/sct", "Homeopathic cream", "UKCoreMedicationForm"
"421936000", "http://snomed.info/sct", "Homeopathic drops", "UKCoreMedicationForm"
"421404002", "http://snomed.info/sct", "Homeopathic elixir", "UKCoreMedicationForm"
"420358004", "http://snomed.info/sct", "Homeopathic granules", "UKCoreMedicationForm"
"423983005", "http://snomed.info/sct", "Homeopathic liquid", "UKCoreMedicationForm"
"35367411000001106", "http://snomed.info/sct", "Homeopathic liquid potency", "UKCoreMedicationForm"
"35367511000001105", "http://snomed.info/sct", "Homeopathic ointment", "UKCoreMedicationForm"
"420602001", "http://snomed.info/sct", "Homeopathic oral powder", "UKCoreMedicationForm"
"420954008", "http://snomed.info/sct", "Homeopathic pillule", "UKCoreMedicationForm"
"421595009", "http://snomed.info/sct", "Homeopathic tablet", "UKCoreMedicationForm"
"385286003", "http://snomed.info/sct", "Implant", "UKCoreMedicationForm"
"16602411000001103", "http://snomed.info/sct", "Implantation suspension", "UKCoreMedicationForm"
"11564111000001107", "http://snomed.info/sct", "Impregnated cigarette", "UKCoreMedicationForm"
"385120001", "http://snomed.info/sct", "Impregnated dressing", "UKCoreMedicationForm"
"14964511000001102", "http://snomed.info/sct", "Infusion", "UKCoreMedicationForm"
"3092311000001108", "http://snomed.info/sct", "Inhalation gas", "UKCoreMedicationForm"
"385207009", "http://snomed.info/sct", "Inhalation powder", "UKCoreMedicationForm"
"420641004", "http://snomed.info/sct", "Inhalation solution", "UKCoreMedicationForm"
"385210002", "http://snomed.info/sct", "Inhalation vapour", "UKCoreMedicationForm"
"3092611000001103", "http://snomed.info/sct", "Injection", "UKCoreMedicationForm"
"385040005", "http://snomed.info/sct", "Instant herbal tea", "UKCoreMedicationForm"
"21012211000001108", "http://snomed.info/sct", "Intestinal gel", "UKCoreMedicationForm"
"16175111000001109", "http://snomed.info/sct", "Intrauterine device", "UKCoreMedicationForm"
"3092811000001104", "http://snomed.info/sct", "Intravenous infusion", "UKCoreMedicationForm"
"385242008", "http://snomed.info/sct", "Intravesical solution", "UKCoreMedicationForm"
"3092911000001109", "http://snomed.info/sct", "Irrigation", "UKCoreMedicationForm"
"16605211000001107", "http://snomed.info/sct", "Irrigation solution", "UKCoreMedicationForm"
"385256005", "http://snomed.info/sct", "Kit for radiopharmaceutical preparation", "UKCoreMedicationForm"
"420699003", "http://snomed.info/sct", "Liquid", "UKCoreMedicationForm"
"34875411000001103", "http://snomed.info/sct", "Living tissue equivalent", "UKCoreMedicationForm"
"385087003", "http://snomed.info/sct", "Lozenge", "UKCoreMedicationForm"
"35367011000001102", "http://snomed.info/sct", "Medicated chewing-gum", "UKCoreMedicationForm"
"35367111000001101", "http://snomed.info/sct", "Medicated nail lacquer", "UKCoreMedicationForm"
"10984111000001107", "http://snomed.info/sct", "Medicated plaster", "UKCoreMedicationForm"
"385054002", "http://snomed.info/sct", "Modified-release capsule", "UKCoreMedicationForm"
"427609008", "http://snomed.info/sct", "Modified-release drops", "UKCoreMedicationForm"
"385047008", "http://snomed.info/sct", "Modified-release granules", "UKCoreMedicationForm"
"13892311000001106", "http://snomed.info/sct", "Modified-release muco-adhesive buccal tablet", "UKCoreMedicationForm"
"385061003", "http://snomed.info/sct", "Modified-release tablet", "UKCoreMedicationForm"
"70409003", "http://snomed.info/sct", "Mouthwash", "UKCoreMedicationForm"
"385086007", "http://snomed.info/sct", "Muco-adhesive buccal tablet", "UKCoreMedicationForm"
"385152001", "http://snomed.info/sct", "Nasal drops", "UKCoreMedicationForm"
"385150009", "http://snomed.info/sct", "Nasal gel", "UKCoreMedicationForm"
"385151008", "http://snomed.info/sct", "Nasal ointment", "UKCoreMedicationForm"
"385159005", "http://snomed.info/sct", "Nasal spray suspension", "UKCoreMedicationForm"
"39574611000001104", "http://snomed.info/sct", "Nebuliser dispersion", "UKCoreMedicationForm"
"385197005", "http://snomed.info/sct", "Nebuliser liquid", "UKCoreMedicationForm"
"3097611000001100", "http://snomed.info/sct", "Not applicable", "UKCoreMedicationForm"
"385101003", "http://snomed.info/sct", "Ointment", "UKCoreMedicationForm"
"385132002", "http://snomed.info/sct", "Ophthalmic insert", "UKCoreMedicationForm"
"719200003", "http://snomed.info/sct", "Ophthalmic strip", "UKCoreMedicationForm"
"385018001", "http://snomed.info/sct", "Oral drops", "UKCoreMedicationForm"
"385025008", "http://snomed.info/sct", "Oral emulsion", "UKCoreMedicationForm"
"385038000", "http://snomed.info/sct", "Oral gel", "UKCoreMedicationForm"
"385063000", "http://snomed.info/sct", "Oral gum", "UKCoreMedicationForm"
"385062005", "http://snomed.info/sct", "Oral lyophilisate", "UKCoreMedicationForm"
"385023001", "http://snomed.info/sct", "Oral solution", "UKCoreMedicationForm"
"385024007", "http://snomed.info/sct", "Oral suspension", "UKCoreMedicationForm"
"447050008", "http://snomed.info/sct", "Orodispersible film", "UKCoreMedicationForm"
"447079001", "http://snomed.info/sct", "Orodispersible tablet", "UKCoreMedicationForm"
"385078007", "http://snomed.info/sct", "Oromucosal gel", "UKCoreMedicationForm"
"385070000", "http://snomed.info/sct", "Oromucosal solution", "UKCoreMedicationForm"
"3095111000001104", "http://snomed.info/sct", "Paint", "UKCoreMedicationForm"
"37937005", "http://snomed.info/sct", "Paste", "UKCoreMedicationForm"
"421079001", "http://snomed.info/sct", "Pastille", "UKCoreMedicationForm"
"35313411000001100", "http://snomed.info/sct", "Periodontal insert", "UKCoreMedicationForm"
"385174007", "http://snomed.info/sct", "Pessary", "UKCoreMedicationForm"
"385064006", "http://snomed.info/sct", "Pillules", "UKCoreMedicationForm"
"385117009", "http://snomed.info/sct", "Poultice", "UKCoreMedicationForm"
"739005008", "http://snomed.info/sct", "Powder", "UKCoreMedicationForm"
"33491111000001107", "http://snomed.info/sct", "Powder and gel for gel", "UKCoreMedicationForm"
"8006811000001100", "http://snomed.info/sct", "Powder and solvent for dispersion for injection", "UKCoreMedicationForm"
"34582011000001107", "http://snomed.info/sct", "Powder and solvent for intravesical solution", "UKCoreMedicationForm"
"17406411000001100", "http://snomed.info/sct", "Powder and solvent for nebuliser solution", "UKCoreMedicationForm"
"32779711000001100", "http://snomed.info/sct", "Powder and solvent for prolonged-release suspension for injection", "UKCoreMedicationForm"
"14955211000001106", "http://snomed.info/sct", "Powder and solvent for solution for infusion", "UKCoreMedicationForm"
"7375911000001101", "http://snomed.info/sct", "Powder and solvent for solution for injection", "UKCoreMedicationForm"
"11377411000001104", "http://snomed.info/sct", "Powder and solvent for solution for instillation", "UKCoreMedicationForm"
"16756411000001100", "http://snomed.info/sct", "Powder and solvent for suspension for infusion", "UKCoreMedicationForm"
"7376011000001109", "http://snomed.info/sct", "Powder and solvent for suspension for injection", "UKCoreMedicationForm"
"31867311000001102", "http://snomed.info/sct", "Powder and solvent for suspension for instillation", "UKCoreMedicationForm"
"17036711000001108", "http://snomed.info/sct", "Powder and suspension for suspension for injection", "UKCoreMedicationForm"
"38023711000001106", "http://snomed.info/sct", "Powder for dispersion for infusion", "UKCoreMedicationForm"
"14945811000001105", "http://snomed.info/sct", "Powder for gastroenteral liquid", "UKCoreMedicationForm"
"385222004", "http://snomed.info/sct", "Powder for injection", "UKCoreMedicationForm"
"37981811000001109", "http://snomed.info/sct", "Powder for intravesical solution", "UKCoreMedicationForm"
"385201005", "http://snomed.info/sct", "Powder for nebuliser solution", "UKCoreMedicationForm"
"8062811000001100", "http://snomed.info/sct", "Powder for reconstitution for instillation", "UKCoreMedicationForm"
"764843001", "http://snomed.info/sct", "Powder for solution for infusion", "UKCoreMedicationForm"
"385223009", "http://snomed.info/sct", "Powder for solution for injection", "UKCoreMedicationForm"
"21829711000001102", "http://snomed.info/sct", "Powder for solution for iontophoresis", "UKCoreMedicationForm"
"15621311000001106", "http://snomed.info/sct", "Powder for suspension for infusion", "UKCoreMedicationForm"
"385224003", "http://snomed.info/sct", "Powder for suspension for injection", "UKCoreMedicationForm"
"385203008", "http://snomed.info/sct", "Pressurised inhalation", "UKCoreMedicationForm"
"36713011000001106", "http://snomed.info/sct", "Prolonged-release solution for injection", "UKCoreMedicationForm"
"32860611000001109", "http://snomed.info/sct", "Prolonged-release suspension for injection", "UKCoreMedicationForm"
"9247011000001107", "http://snomed.info/sct", "Radionuclide generator", "UKCoreMedicationForm"
"39816711000001105", "http://snomed.info/sct", "Radiopharmaceutical precursor, solution", "UKCoreMedicationForm"
"385184008", "http://snomed.info/sct", "Rectal ointment", "UKCoreMedicationForm"
"35367211000001107", "http://snomed.info/sct", "Shampoo", "UKCoreMedicationForm"
"35367311000001104", "http://snomed.info/sct", "Soluble tablet", "UKCoreMedicationForm"
"34937011000001105", "http://snomed.info/sct", "Solution for blood fraction modification", "UKCoreMedicationForm"
"23670511000001101", "http://snomed.info/sct", "Solution for cardioplegia", "UKCoreMedicationForm"
"13559211000001104", "http://snomed.info/sct", "Solution for dispersion for injection", "UKCoreMedicationForm"
"385240000", "http://snomed.info/sct", "Solution for haemodialysis", "UKCoreMedicationForm"
"424211001", "http://snomed.info/sct", "Solution for haemofiltration", "UKCoreMedicationForm"
"385229008", "http://snomed.info/sct", "Solution for infusion", "UKCoreMedicationForm"
"385219001", "http://snomed.info/sct", "Solution for injection", "UKCoreMedicationForm"
"385113008", "http://snomed.info/sct", "Solution for iontophoresis", "UKCoreMedicationForm"
"385238005", "http://snomed.info/sct", "Solution for peritoneal dialysis", "UKCoreMedicationForm"
"18269211000001103", "http://snomed.info/sct", "Solution for sealant", "UKCoreMedicationForm"
"15881311000001107", "http://snomed.info/sct", "Solution for skin-prick test", "UKCoreMedicationForm"
"37238811000001105", "http://snomed.info/sct", "Solvent for BCG Vaccine AJV", "UKCoreMedicationForm"
"421720008", "http://snomed.info/sct", "Spray", "UKCoreMedicationForm"
"9246911000001108", "http://snomed.info/sct", "Sterile solution", "UKCoreMedicationForm"
"739007000", "http://snomed.info/sct", "Stick", "UKCoreMedicationForm"
"38871211000001101", "http://snomed.info/sct", "Sublingual film", "UKCoreMedicationForm"
"385074009", "http://snomed.info/sct", "Sublingual spray", "UKCoreMedicationForm"
"385084005", "http://snomed.info/sct", "Sublingual tablet", "UKCoreMedicationForm"
"385194003", "http://snomed.info/sct", "Suppository", "UKCoreMedicationForm"
"15850011000001106", "http://snomed.info/sct", "Suspension for infusion", "UKCoreMedicationForm"
"385220007", "http://snomed.info/sct", "Suspension for injection", "UKCoreMedicationForm"
"385055001", "http://snomed.info/sct", "Tablet", "UKCoreMedicationForm"
"422201009", "http://snomed.info/sct", "Tablet for cutaneous solution", "UKCoreMedicationForm"
"420243009", "http://snomed.info/sct", "Tampon", "UKCoreMedicationForm"
"385114002", "http://snomed.info/sct", "Transdermal patch", "UKCoreMedicationForm"
"421716009", "http://snomed.info/sct", "Transdermal system", "UKCoreMedicationForm"
"15362911000001102", "http://snomed.info/sct", "Vaginal delivery system", "UKCoreMedicationForm"
"385181000", "http://snomed.info/sct", "Vaginal device", "UKCoreMedicationForm"
"385166006", "http://snomed.info/sct", "Vaginal gel", "UKCoreMedicationForm"
"424552006", "http://snomed.info/sct", "Vaginal sponge", "UKCoreMedicationForm"
"3097511000001104", "http://snomed.info/sct", "Wash", "UKCoreMedicationForm"
"39115611000001103", "https://dmd.nhs.uk", "Comirnaty COVID-19 mRNA Vaccine 30micrograms/0.3ml dose concentrate for dispersion for injection multidose vials (Pfizer Ltd)", "UKCoreMedicationCode"
"777773007", "https://dmd.nhs.uk", "Timolol", "UKCoreMedicationCode"
"18616211000001106", "https://dmd.nhs.uk", "Timoptol 0.5% eye drops (DE Pharmaceuticals)", "UKCoreMedicationCode"
"social-history", "http://terminology.hl7.org/CodeSystem/observation-category", "Social History", "ObservationCategoryCodes"
"vital-signs", "http://terminology.hl7.org/CodeSystem/observation-category", "Vital Signs", "ObservationCategoryCodes"
"imaging", "http://terminology.hl7.org/CodeSystem/observation-category", "Imaging", "ObservationCategoryCodes"
"laboratory", "http://terminology.hl7.org/CodeSystem/observation-category", "Laboratory", "ObservationCategoryCodes"
"procedure", "http://terminology.hl7.org/CodeSystem/observation-category", "Procedure", "ObservationCategoryCodes"
"survey", "http://terminology.hl7.org/CodeSystem/observation-category", "Survey", "ObservationCategoryCodes"
"exam", "http://terminology.hl7.org/CodeSystem/observation-category", "Exam", "ObservationCategoryCodes"
"therapy", "http://terminology.hl7.org/CodeSystem/observation-category", "Therapy", "ObservationCategoryCodes"
"activity", "http://terminology.hl7.org/CodeSystem/observation-category", "Activity", "ObservationCategoryCodes"
"314463006", "http://snomed.info/sct", "24 hour blood pressure", "UKCoreObservationType"
"314464000", "http://snomed.info/sct", "24 hour systolic blood pressure", "UKCoreObservationType"
"314465004", "http://snomed.info/sct", "24 hour diastolic blood pressure", "UKCoreObservationType"
"162564003", "http://snomed.info/sct", "Awareness of diagnosis", "UKCoreObservationType"
"722742002", "http://snomed.info/sct", "Breathing room air", "UKCoreObservationType"
"307052004", "http://snomed.info/sct", "Illicit drug use", "UKCoreObservationType"
"997681000000108", "http://snomed.info/sct", "Fasting blood glucose level", "UKCoreObservationType"
"298167002", "http://snomed.info/sct", "Finger joint inflamed", "UKCoreObservationType"
"26604007", "http://snomed.info/sct", "Full blood count", "UKCoreObservationType"
"1082631000000102", "http://snomed.info/sct", "Alcohol units consumed per day", "UKCoreObservationType"
"58571000237106", "http://snomed.info/sct", "Nucleated red blood cell count in blood", "UKCoreObservationType"
"16181000237107", "http://snomed.info/sct", "White blood cell count in fluid", "UKCoreObservationType"
"75367002", "http://snomed.info/sct", "Blood pressure", "UKCoreObservationType"
"72313002", "http://snomed.info/sct", "Systolic arterial pressure", "UKCoreObservationType"
"1091811000000102", "http://snomed.info/sct", "Diastolic arterial pressure", "UKCoreObservationType"
"60621009", "http://snomed.info/sct", "Body mass index", "UKCoreObservationType"
"50373000", "http://snomed.info/sct", "Body height measure", "UKCoreObservationType"
"276885007", "http://snomed.info/sct", "Core body temperature", "UKCoreObservationType"
"27113001", "http://snomed.info/sct", "Body weight", "UKCoreObservationType"
"363812007", "http://snomed.info/sct", "Head circumference", "UKCoreObservationType"
"444981005", "http://snomed.info/sct", "Resting heart rate", "UKCoreObservationType"
"431314004", "http://snomed.info/sct", "Peripheral oxygen saturation", "UKCoreObservationType"
"86290005", "http://snomed.info/sct", "Respiratory rate", "UKCoreObservationType"
"39156-5", "http://loinc.org", "Body mass index (BMI) [Ratio]", "UKCoreObservationType"
"85354-9", "http://loinc.org", "Blood pressure panel with all children optional", "UKCoreObservationType"
"8302-2", "http://loinc.org", "Body height", "UKCoreObservationType"
"8310-5", "http://loinc.org", "Body temperature", "UKCoreObservationType"
"29463-7", "http://loinc.org", "Body weight", "UKCoreObservationType"
"9843-4", "http://loinc.org", "Head Occipital-frontal circumference", "UKCoreObservationType"
"8867-4", "http://loinc.org", "Heart rate", "UKCoreObservationType"
"2708-6", "http://loinc.org", "Oxygen saturation in Arterial blood", "UKCoreObservationType"
"9279-1", "http://loinc.org", "Respiratory Rate", "UKCoreObservationType"
"122575003", "http://snomed.info/sct", "Urine specimen", "UKCoreSpecimenType"
"119297000", "http://snomed.info/sct", "Blood specimen", "UKCoreSpecimenType"
"129316008", "http://snomed.info/sct", "Aspiration - action", "FHIRSpecimenCollectionMethod"
"129314006", "http://snomed.info/sct", "Biopsy - action", "FHIRSpecimenCollectionMethod"
"129300006", "http://snomed.info/sct", "Puncture - action", "FHIRSpecimenCollectionMethod"
"129304002", "http://snomed.info/sct", "Excision - action", "FHIRSpecimenCollectionMethod"
"129323009", "http://snomed.info/sct", "Scraping - action", "FHIRSpecimenCollectionMethod"
"73416001", "http://snomed.info/sct", "Urine specimen collection, clean catch", "FHIRSpecimenCollectionMethod"
"225113003", "http://snomed.info/sct", "Timed urine collection", "FHIRSpecimenCollectionMethod"
"70777001", "http://snomed.info/sct", "Urine specimen collection, catheterized", "FHIRSpecimenCollectionMethod"
"386089008", "http://snomed.info/sct", "Collection of coughed sputum", "FHIRSpecimenCollectionMethod"
"278450005", "http://snomed.info/sct", "Finger-prick sampling (procedure)", "FHIRSpecimenCollectionMethod"
"182266005", "http://snomed.info/sct", "Tip of index finger", "UKCoreSpecimenBodySite"
"GIM", "http://terminology.hl7.org/CodeSystem/v3-RoleCode", "General internal medicine clinic", "ServiceDeliveryLocationRoleType"
"HOSP", "http://terminology.hl7.org/CodeSystem/v3-RoleCode", "Hospital", "ServiceDeliveryLocationRoleType"
"CARD", "http://terminology.hl7.org/CodeSystem/v3-RoleCode", "Ambulatory Health Care Facilities; Clinic/Center; Rehabilitation: Cardiac Facilities", "ServiceDeliveryLocationRoleType"
"40983000", "http://snomed.info/sct", "Structure of upper extremity between shoulder and elbow", "SNOMEDCTBodyStructures"
"11278411000001109", "https://dmd.nhs.uk", "Influenza vaccine (split virion, inactivated) suspension for injection 0.5ml pre-filled syringes (Pfizer Ltd)", "UKCoreVaccineCode"
"ACCESS_DENIED", "https://fhir.hl7.org.uk/CodeSystem/UKCore-SpineErrorOrWarningCode", "Access has been denied to process this request", "UKCoreOperationOutcomeIssueDetails"
"ADDITIONAL_PROPERTIES", "https://fhir.hl7.org.uk/CodeSystem/UKCore-SpineErrorOrWarningCode", "Additional properties", "UKCoreOperationOutcomeIssueDetails"
"10003", "https://fhir.hl7.org.uk/CodeSystem/UKCore-ITKResponseCode", "Business Level Response Value - Processing Error", "UKCoreOperationOutcomeIssueDetails"
"CLAIM_AMEND_PERIOD_ISSUE", "https://fhir.hl7.org.uk/CodeSystem/UKCore-EPSIssueCode", "Claim amendment is not permitted outside of the claim period", "UKCoreOperationOutcomeIssueDetails"
"MISSING_DIGITAL_SIGNATURE", "https://fhir.hl7.org.uk/CodeSystem/UKCore-EPSIssueCode", "Digital signature not found", "UKCoreOperationOutcomeIssueDetails"
"DISPENSE_AMEND_IDENTIFIER_MISMATCH", "https://fhir.hl7.org.uk/CodeSystem/UKCore-EPSIssueCode", "Dispense Amendment/Cancellation Request does not pertain to Last Dispense", "UKCoreOperationOutcomeIssueDetails"
"20008", "https://fhir.hl7.org.uk/CodeSystem/UKCore-ITKResponseCode", "Duplicate Document received", "UKCoreOperationOutcomeIssueDetails"
"DUPLICATE_MEDICATIONREQUEST_ID", "https://fhir.hl7.org.uk/CodeSystem/UKCore-EPSIssueCode", "Duplicate item ID exists", "UKCoreOperationOutcomeIssueDetails"
"20007", "https://fhir.hl7.org.uk/CodeSystem/UKCore-ITKResponseCode", "Duplicate Message received", "UKCoreOperationOutcomeIssueDetails"
"DUPLICATE_PRESCRIPTION_ID", "https://fhir.hl7.org.uk/CodeSystem/UKCore-EPSIssueCode", "Duplicate prescription ID exists", "UKCoreOperationOutcomeIssueDetails"
"INVALID_CHECK_DIGIT", "https://fhir.hl7.org.uk/CodeSystem/UKCore-EPSIssueCode", "Error in check digit", "UKCoreOperationOutcomeIssueDetails"
"FAILURE_TO_PROCESS_MESSAGE", "https://fhir.hl7.org.uk/CodeSystem/UKCore-SpineErrorOrWarningCode", "Failure to process message", "UKCoreOperationOutcomeIssueDetails"
"FORBIDDEN_UPDATE", "https://fhir.hl7.org.uk/CodeSystem/UKCore-SpineErrorOrWarningCode", "Forbidden update", "UKCoreOperationOutcomeIssueDetails"
"INVALID_DATE_FORMAT", "https://fhir.hl7.org.uk/CodeSystem/UKCore-EPSIssueCode", "Format of date passed is invalid", "UKCoreOperationOutcomeIssueDetails"
"SERVICE_DISABLED", "https://fhir.hl7.org.uk/CodeSystem/UKCore-EPSIssueCode", "functionality disabled in spine", "UKCoreOperationOutcomeIssueDetails"
"10008", "https://fhir.hl7.org.uk/CodeSystem/UKCore-ITKResponseCode", "Handling Specification Business Rule Error", "UKCoreOperationOutcomeIssueDetails"
"10001", "https://fhir.hl7.org.uk/CodeSystem/UKCore-ITKResponseCode", "Handling Specification Error", "UKCoreOperationOutcomeIssueDetails"
"10002", "https://fhir.hl7.org.uk/CodeSystem/UKCore-ITKResponseCode", "Infrastructure Level Response Value - Processing Error", "UKCoreOperationOutcomeIssueDetails"
"CLAIM_INVALID_NOT_DISPENSED", "https://fhir.hl7.org.uk/CodeSystem/UKCore-EPSIssueCode", "Invalid Claim. Prescription is not Dispensed", "UKCoreOperationOutcomeIssueDetails"
"INVALID_MESSAGE", "https://fhir.hl7.org.uk/CodeSystem/UKCore-EPSIssueCode", "Invalid message", "UKCoreOperationOutcomeIssueDetails"
"INVALID_RESOURCE_ID", "https://fhir.hl7.org.uk/CodeSystem/UKCore-SpineErrorOrWarningCode", "Invalid resource ID", "UKCoreOperationOutcomeIssueDetails"
"INVALID_SEARCH_DATA", "https://fhir.hl7.org.uk/CodeSystem/UKCore-SpineErrorOrWarningCode", "Invalid search data", "UKCoreOperationOutcomeIssueDetails"
"PRESCRIPTION_INVALID_STATE_TRANSITION", "https://fhir.hl7.org.uk/CodeSystem/UKCore-EPSIssueCode", "Invalid State Transition for Prescription", "UKCoreOperationOutcomeIssueDetails"
"MEDICATIONREQUEST_INVALID_STATE_TRANSITION", "https://fhir.hl7.org.uk/CodeSystem/UKCore-EPSIssueCode", "Invalid State Transition for Prescription Item", "UKCoreOperationOutcomeIssueDetails"
"INVALID_UPDATE", "https://fhir.hl7.org.uk/CodeSystem/UKCore-SpineErrorOrWarningCode", "Invalid update", "UKCoreOperationOutcomeIssueDetails"
"INVALID_VALUE", "https://fhir.hl7.org.uk/CodeSystem/UKCore-SpineErrorOrWarningCode", "Invalid value", "UKCoreOperationOutcomeIssueDetails"
"INVALIDATED_RESOURCE", "https://fhir.hl7.org.uk/CodeSystem/UKCore-SpineErrorOrWarningCode", "Invalidated resource", "UKCoreOperationOutcomeIssueDetails"
"20006", "https://fhir.hl7.org.uk/CodeSystem/UKCore-ITKResponseCode", "ITK header validation failure", "UKCoreOperationOutcomeIssueDetails"
"10004", "https://fhir.hl7.org.uk/CodeSystem/UKCore-ITKResponseCode", "Message Definition Value - Processing Error", "UKCoreOperationOutcomeIssueDetails"
"10005", "https://fhir.hl7.org.uk/CodeSystem/UKCore-ITKResponseCode", "Message Definition Version Value - Processing Error", "UKCoreOperationOutcomeIssueDetails"
"20015", "https://fhir.hl7.org.uk/CodeSystem/UKCore-ITKResponseCode", "Message too large", "UKCoreOperationOutcomeIssueDetails"
"MISMATCH_AUTHORISED_REPEAT_COUNT", "https://fhir.hl7.org.uk/CodeSystem/UKCore-EPSIssueCode", "Mismatch in authorised repeat counts", "UKCoreOperationOutcomeIssueDetails"
"MISSING_VALUE", "https://fhir.hl7.org.uk/CodeSystem/UKCore-SpineErrorOrWarningCode", "Missing value", "UKCoreOperationOutcomeIssueDetails"
"NO_MORE_PRESCRIPTIONS", "https://fhir.hl7.org.uk/CodeSystem/UKCore-EPSIssueCode", "No more prescriptions available", "UKCoreOperationOutcomeIssueDetails"
"20004", "https://fhir.hl7.org.uk/CodeSystem/UKCore-ITKResponseCode", "Non-Approved file type received as an attachment", "UKCoreOperationOutcomeIssueDetails"
"INVALID_NUMBER_MEDICATIONREQUESTS", "https://fhir.hl7.org.uk/CodeSystem/UKCore-EPSIssueCode", "Number of items on a prescription SHALL be between 1 and 4", "UKCoreOperationOutcomeIssueDetails"
"PATIENT_DECEASED", "https://fhir.hl7.org.uk/CodeSystem/UKCore-EPSIssueCode", "Patient is recorded as dead", "UKCoreOperationOutcomeIssueDetails"
"30004", "https://fhir.hl7.org.uk/CodeSystem/UKCore-ITKResponseCode", "Patient known here and recently deceased (i.e. patient record current in GP practice system at time of patient\u2019s death and deduction subsequently occurred for this reason)", "UKCoreOperationOutcomeIssueDetails"
"30001", "https://fhir.hl7.org.uk/CodeSystem/UKCore-ITKResponseCode", "Patient known here. (e.g. Patient is registered here)", "UKCoreOperationOutcomeIssueDetails"
"30003", "https://fhir.hl7.org.uk/CodeSystem/UKCore-ITKResponseCode", "Patient no longer at this clinical setting", "UKCoreOperationOutcomeIssueDetails"
"30002", "https://fhir.hl7.org.uk/CodeSystem/UKCore-ITKResponseCode", "Patient not known here. (aka 'patient record not present in system')", "UKCoreOperationOutcomeIssueDetails"
"20009", "https://fhir.hl7.org.uk/CodeSystem/UKCore-ITKResponseCode", "Payload validation failure", "UKCoreOperationOutcomeIssueDetails"
"POLLING_ID_NOT_FOUND", "https://fhir.hl7.org.uk/CodeSystem/UKCore-SpineErrorOrWarningCode", "Polling ID not found", "UKCoreOperationOutcomeIssueDetails"
"POLLING_MESSAGE_FAILURE", "https://fhir.hl7.org.uk/CodeSystem/UKCore-SpineErrorOrWarningCode", "Polling message failure", "UKCoreOperationOutcomeIssueDetails"
"PRECONDITION_FAILED", "https://fhir.hl7.org.uk/CodeSystem/UKCore-SpineErrorOrWarningCode", "Precondition failed", "UKCoreOperationOutcomeIssueDetails"
"PRESCRIPTION_NOT_FOUND", "https://fhir.hl7.org.uk/CodeSystem/UKCore-EPSIssueCode", "Prescription can not be found. Contact prescriber", "UKCoreOperationOutcomeIssueDetails"
"PRESCRIPTION_CANCELLED", "https://fhir.hl7.org.uk/CodeSystem/UKCore-EPSIssueCode", "Prescription has been cancelled", "UKCoreOperationOutcomeIssueDetails"
"PRESCRIPTION_DISPENSED", "https://fhir.hl7.org.uk/CodeSystem/UKCore-EPSIssueCode", "Prescription has been dispensed", "UKCoreOperationOutcomeIssueDetails"
"PRESCRIPTION_EXPIRED", "https://fhir.hl7.org.uk/CodeSystem/UKCore-EPSIssueCode", "Prescription has expired", "UKCoreOperationOutcomeIssueDetails"
"PRESCRIPTION_WITH_ANOTHER_DISPENSER", "https://fhir.hl7.org.uk/CodeSystem/UKCore-EPSIssueCode", "Prescription is with another dispenser", "UKCoreOperationOutcomeIssueDetails"
"MEDICATIONREQUEST_NOT_FOUND", "https://fhir.hl7.org.uk/CodeSystem/UKCore-EPSIssueCode", "Prescription Item Not found", "UKCoreOperationOutcomeIssueDetails"
"10010", "https://fhir.hl7.org.uk/CodeSystem/UKCore-ITKResponseCode", "Recipient Type - Processing Error", "UKCoreOperationOutcomeIssueDetails"
"INVALID_REPEAT_COUNT", "https://fhir.hl7.org.uk/CodeSystem/UKCore-EPSIssueCode", "Repeat count SHALL be between 1 and 99", "UKCoreOperationOutcomeIssueDetails"
"RESOURCE_NOT_FOUND", "https://fhir.hl7.org.uk/CodeSystem/UKCore-SpineErrorOrWarningCode", "Resource not found", "UKCoreOperationOutcomeIssueDetails"
"RESOURCE_VERSION_MISMATCH", "https://fhir.hl7.org.uk/CodeSystem/UKCore-SpineErrorOrWarningCode", "Resource version mismatch", "UKCoreOperationOutcomeIssueDetails"
"10007", "https://fhir.hl7.org.uk/CodeSystem/UKCore-ITKResponseCode", "Sender Reference Value - Processing Error", "UKCoreOperationOutcomeIssueDetails"
"20013", "https://fhir.hl7.org.uk/CodeSystem/UKCore-ITKResponseCode", "Success", "UKCoreOperationOutcomeIssueDetails"
"TOO_FEW_VALUES_SUBMITTED", "https://fhir.hl7.org.uk/CodeSystem/UKCore-SpineErrorOrWarningCode", "Too few values submitted", "UKCoreOperationOutcomeIssueDetails"
"TOO_MANY_MATCHES", "https://fhir.hl7.org.uk/CodeSystem/UKCore-SpineErrorOrWarningCode", "Too many matches", "UKCoreOperationOutcomeIssueDetails"
"TOO_MANY_VALUES_SUBMITTED", "https://fhir.hl7.org.uk/CodeSystem/UKCore-SpineErrorOrWarningCode", "Too many values submitted", "UKCoreOperationOutcomeIssueDetails"
"UNABLE_TO_CALL_SERVICE", "https://fhir.hl7.org.uk/CodeSystem/UKCore-SpineErrorOrWarningCode", "Unable to call service", "UKCoreOperationOutcomeIssueDetails"
"20014", "https://fhir.hl7.org.uk/CodeSystem/UKCore-ITKResponseCode", "Unable to Process Replacement Document", "UKCoreOperationOutcomeIssueDetails"
"20012", "https://fhir.hl7.org.uk/CodeSystem/UKCore-ITKResponseCode", "Unauthorised Sender", "UKCoreOperationOutcomeIssueDetails"
"10009", "https://fhir.hl7.org.uk/CodeSystem/UKCore-ITKResponseCode", "Unreadable message received", "UKCoreOperationOutcomeIssueDetails"
"20010", "https://fhir.hl7.org.uk/CodeSystem/UKCore-ITKResponseCode", "Unrecognised Payload Recipient Organisation", "UKCoreOperationOutcomeIssueDetails"
"20011", "https://fhir.hl7.org.uk/CodeSystem/UKCore-ITKResponseCode", "Unrecognised Payload Recipient Person", "UKCoreOperationOutcomeIssueDetails"
"20002", "https://fhir.hl7.org.uk/CodeSystem/UKCore-ITKResponseCode", "Unrecognised Recipient Organisation", "UKCoreOperationOutcomeIssueDetails"
"20001", "https://fhir.hl7.org.uk/CodeSystem/UKCore-ITKResponseCode", "Unrecognised Recipient Person", "UKCoreOperationOutcomeIssueDetails"
"20003", "https://fhir.hl7.org.uk/CodeSystem/UKCore-ITKResponseCode", "Unrecognised Sender", "UKCoreOperationOutcomeIssueDetails"
"20005", "https://fhir.hl7.org.uk/CodeSystem/UKCore-ITKResponseCode", "Unsupported file type received as an attachment", "UKCoreOperationOutcomeIssueDetails"
"UNSUPPORTED_SERVICE", "https://fhir.hl7.org.uk/CodeSystem/UKCore-SpineErrorOrWarningCode", "Unsupported service", "UKCoreOperationOutcomeIssueDetails"
"UNSUPPORTED_VALUE", "https://fhir.hl7.org.uk/CodeSystem/UKCore-SpineErrorOrWarningCode", "Unsupported value", "UKCoreOperationOutcomeIssueDetails"
"VALIDATION_ERROR", "https://fhir.hl7.org.uk/CodeSystem/UKCore-SpineErrorOrWarningCode", "Validation error", "UKCoreOperationOutcomeIssueDetails"
"MSG_DATE_FORMAT", "http://terminology.hl7.org/CodeSystem/operation-outcome", "The Date value %s is not in the correct format (Xml Date Format required)", "UKCoreOperationOutcomeIssueDetails"
"100", "https://fhir.hl7.org.uk/CodeSystem/UKCore-PracticeSettingCode", "General Surgery", "UKCorePracticeSettingCode"
"101", "https://fhir.hl7.org.uk/CodeSystem/UKCore-PracticeSettingCode", "Urology", "UKCorePracticeSettingCode"
"107", "https://fhir.hl7.org.uk/CodeSystem/UKCore-PracticeSettingCode", "Vascular Surgery", "UKCorePracticeSettingCode"
"110", "https://fhir.hl7.org.uk/CodeSystem/UKCore-PracticeSettingCode", "Trauma and Orthopaedics", "UKCorePracticeSettingCode"
"120", "https://fhir.hl7.org.uk/CodeSystem/UKCore-PracticeSettingCode", "Ear Nose and Throat", "UKCorePracticeSettingCode"
"130", "https://fhir.hl7.org.uk/CodeSystem/UKCore-PracticeSettingCode", "Ophthalmology", "UKCorePracticeSettingCode"
"140", "https://fhir.hl7.org.uk/CodeSystem/UKCore-PracticeSettingCode", "Oral Surgery", "UKCorePracticeSettingCode"
"141", "https://fhir.hl7.org.uk/CodeSystem/UKCore-PracticeSettingCode", "Restorative Dentistry", "UKCorePracticeSettingCode"
"142", "https://fhir.hl7.org.uk/CodeSystem/UKCore-PracticeSettingCode", "Paediatric Dentistry", "UKCorePracticeSettingCode"
"143", "https://fhir.hl7.org.uk/CodeSystem/UKCore-PracticeSettingCode", "Orthodontics", "UKCorePracticeSettingCode"
"145", "https://fhir.hl7.org.uk/CodeSystem/UKCore-PracticeSettingCode", "Oral and Maxillofacial Surgery", "UKCorePracticeSettingCode"
"146", "https://fhir.hl7.org.uk/CodeSystem/UKCore-PracticeSettingCode", "Endodontics", "UKCorePracticeSettingCode"
"147", "https://fhir.hl7.org.uk/CodeSystem/UKCore-PracticeSettingCode", "Periodontics", "UKCorePracticeSettingCode"
"148", "https://fhir.hl7.org.uk/CodeSystem/UKCore-PracticeSettingCode", "Prosthodontics", "UKCorePracticeSettingCode"
"149", "https://fhir.hl7.org.uk/CodeSystem/UKCore-PracticeSettingCode", "Surgical Dentistry", "UKCorePracticeSettingCode"
"150", "https://fhir.hl7.org.uk/CodeSystem/UKCore-PracticeSettingCode", "Neurosurgery", "UKCorePracticeSettingCode"
"160", "https://fhir.hl7.org.uk/CodeSystem/UKCore-PracticeSettingCode", "Plastic Surgery", "UKCorePracticeSettingCode"
"170", "https://fhir.hl7.org.uk/CodeSystem/UKCore-PracticeSettingCode", "Cardiothoracic Surgery", "UKCorePracticeSettingCode"
"171", "https://fhir.hl7.org.uk/CodeSystem/UKCore-PracticeSettingCode", "Paediatric Surgery", "UKCorePracticeSettingCode"
"180", "https://fhir.hl7.org.uk/CodeSystem/UKCore-PracticeSettingCode", "Emergency Medicine", "UKCorePracticeSettingCode"
"190", "https://fhir.hl7.org.uk/CodeSystem/UKCore-PracticeSettingCode", "Anaesthetics", "UKCorePracticeSettingCode"
"192", "https://fhir.hl7.org.uk/CodeSystem/UKCore-PracticeSettingCode", "Intensive Care Medicine", "UKCorePracticeSettingCode"
"200", "https://fhir.hl7.org.uk/CodeSystem/UKCore-PracticeSettingCode", "Aviation and Space Medicine", "UKCorePracticeSettingCode"
"300", "https://fhir.hl7.org.uk/CodeSystem/UKCore-PracticeSettingCode", "General Internal Medicine", "UKCorePracticeSettingCode"
"301", "https://fhir.hl7.org.uk/CodeSystem/UKCore-PracticeSettingCode", "Gastroenterology", "UKCorePracticeSettingCode"
"302", "https://fhir.hl7.org.uk/CodeSystem/UKCore-PracticeSettingCode", "Endocrinology and Diabetes", "UKCorePracticeSettingCode"
"303", "https://fhir.hl7.org.uk/CodeSystem/UKCore-PracticeSettingCode", "Clinical Haematology", "UKCorePracticeSettingCode"
"304", "https://fhir.hl7.org.uk/CodeSystem/UKCore-PracticeSettingCode", "Clinical Physiology", "UKCorePracticeSettingCode"
"305", "https://fhir.hl7.org.uk/CodeSystem/UKCore-PracticeSettingCode", "Clinical Pharmacology", "UKCorePracticeSettingCode"
"310", "https://fhir.hl7.org.uk/CodeSystem/UKCore-PracticeSettingCode", "Audio Vestibular Medicine", "UKCorePracticeSettingCode"
"311", "https://fhir.hl7.org.uk/CodeSystem/UKCore-PracticeSettingCode", "Clinical Genetics", "UKCorePracticeSettingCode"
"313", "https://fhir.hl7.org.uk/CodeSystem/UKCore-PracticeSettingCode", "Clinical Immunology", "UKCorePracticeSettingCode"
"314", "https://fhir.hl7.org.uk/CodeSystem/UKCore-PracticeSettingCode", "Rehabilitation Medicine", "UKCorePracticeSettingCode"
"315", "https://fhir.hl7.org.uk/CodeSystem/UKCore-PracticeSettingCode", "Palliative Medicine", "UKCorePracticeSettingCode"
"317", "https://fhir.hl7.org.uk/CodeSystem/UKCore-PracticeSettingCode", "Allergy", "UKCorePracticeSettingCode"
"320", "https://fhir.hl7.org.uk/CodeSystem/UKCore-PracticeSettingCode", "Cardiology", "UKCorePracticeSettingCode"
"321", "https://fhir.hl7.org.uk/CodeSystem/UKCore-PracticeSettingCode", "Paediatric Cardiology", "UKCorePracticeSettingCode"
"325", "https://fhir.hl7.org.uk/CodeSystem/UKCore-PracticeSettingCode", "Sport and Exercise Medicine", "UKCorePracticeSettingCode"
"326", "https://fhir.hl7.org.uk/CodeSystem/UKCore-PracticeSettingCode", "Acute Internal Medicine", "UKCorePracticeSettingCode"
"330", "https://fhir.hl7.org.uk/CodeSystem/UKCore-PracticeSettingCode", "Dermatology", "UKCorePracticeSettingCode"
"340", "https://fhir.hl7.org.uk/CodeSystem/UKCore-PracticeSettingCode", "Respiratory Medicine", "UKCorePracticeSettingCode"
"350", "https://fhir.hl7.org.uk/CodeSystem/UKCore-PracticeSettingCode", "Infectious Diseases", "UKCorePracticeSettingCode"
"352", "https://fhir.hl7.org.uk/CodeSystem/UKCore-PracticeSettingCode", "Tropical Medicine", "UKCorePracticeSettingCode"
"360", "https://fhir.hl7.org.uk/CodeSystem/UKCore-PracticeSettingCode", "Genitourinary Medicine", "UKCorePracticeSettingCode"
"361", "https://fhir.hl7.org.uk/CodeSystem/UKCore-PracticeSettingCode", "Renal Medicine", "UKCorePracticeSettingCode"
"370", "https://fhir.hl7.org.uk/CodeSystem/UKCore-PracticeSettingCode", "Medical Oncology", "UKCorePracticeSettingCode"
"371", "https://fhir.hl7.org.uk/CodeSystem/UKCore-PracticeSettingCode", "Nuclear Medicine", "UKCorePracticeSettingCode"
"400", "https://fhir.hl7.org.uk/CodeSystem/UKCore-PracticeSettingCode", "Neurology", "UKCorePracticeSettingCode"
"401", "https://fhir.hl7.org.uk/CodeSystem/UKCore-PracticeSettingCode", "Clinical Neurophysiology", "UKCorePracticeSettingCode"
"410", "https://fhir.hl7.org.uk/CodeSystem/UKCore-PracticeSettingCode", "Rheumatology", "UKCorePracticeSettingCode"
"420", "https://fhir.hl7.org.uk/CodeSystem/UKCore-PracticeSettingCode", "Paediatrics", "UKCorePracticeSettingCode"
"421", "https://fhir.hl7.org.uk/CodeSystem/UKCore-PracticeSettingCode", "Paediatric Neurology", "UKCorePracticeSettingCode"
"430", "https://fhir.hl7.org.uk/CodeSystem/UKCore-PracticeSettingCode", "Geriatric Medicine", "UKCorePracticeSettingCode"
"450", "https://fhir.hl7.org.uk/CodeSystem/UKCore-PracticeSettingCode", "Dental Medicine", "UKCorePracticeSettingCode"
"451", "https://fhir.hl7.org.uk/CodeSystem/UKCore-PracticeSettingCode", "Special Care Dentistry", "UKCorePracticeSettingCode"
"460", "https://fhir.hl7.org.uk/CodeSystem/UKCore-PracticeSettingCode", "Medical Ophthalmology", "UKCorePracticeSettingCode"
"500", "https://fhir.hl7.org.uk/CodeSystem/UKCore-PracticeSettingCode", "Obstetrics and Gynaecology", "UKCorePracticeSettingCode"
"501", "https://fhir.hl7.org.uk/CodeSystem/UKCore-PracticeSettingCode", "Obstetrics", "UKCorePracticeSettingCode"
"502", "https://fhir.hl7.org.uk/CodeSystem/UKCore-PracticeSettingCode", "Gynaecology", "UKCorePracticeSettingCode"
"504", "https://fhir.hl7.org.uk/CodeSystem/UKCore-PracticeSettingCode", "Community Sexual and Reproductive Health", "UKCorePracticeSettingCode"
"560", "https://fhir.hl7.org.uk/CodeSystem/UKCore-PracticeSettingCode", "Midwifery", "UKCorePracticeSettingCode"
"600", "https://fhir.hl7.org.uk/CodeSystem/UKCore-PracticeSettingCode", "General Medical Practice", "UKCorePracticeSettingCode"
"601", "https://fhir.hl7.org.uk/CodeSystem/UKCore-PracticeSettingCode", "General Dental Practice", "UKCorePracticeSettingCode"
"700", "https://fhir.hl7.org.uk/CodeSystem/UKCore-PracticeSettingCode", "Learning Disability", "UKCorePracticeSettingCode"
"710", "https://fhir.hl7.org.uk/CodeSystem/UKCore-PracticeSettingCode", "Adult Mental Illness", "UKCorePracticeSettingCode"
"711", "https://fhir.hl7.org.uk/CodeSystem/UKCore-PracticeSettingCode", "Child and Adolescent Psychiatry", "UKCorePracticeSettingCode"
"712", "https://fhir.hl7.org.uk/CodeSystem/UKCore-PracticeSettingCode", "Forensic Psychiatry", "UKCorePracticeSettingCode"
"713", "https://fhir.hl7.org.uk/CodeSystem/UKCore-PracticeSettingCode", "Medical Psychotherapy", "UKCorePracticeSettingCode"
"715", "https://fhir.hl7.org.uk/CodeSystem/UKCore-PracticeSettingCode", "Old Age Psychiatry", "UKCorePracticeSettingCode"
"800", "https://fhir.hl7.org.uk/CodeSystem/UKCore-PracticeSettingCode", "Clinical Oncology", "UKCorePracticeSettingCode"
"810", "https://fhir.hl7.org.uk/CodeSystem/UKCore-PracticeSettingCode", "Radiology", "UKCorePracticeSettingCode"
"820", "https://fhir.hl7.org.uk/CodeSystem/UKCore-PracticeSettingCode", "General Pathology", "UKCorePracticeSettingCode"
"821", "https://fhir.hl7.org.uk/CodeSystem/UKCore-PracticeSettingCode", "Blood Transfusion", "UKCorePracticeSettingCode"
"822", "https://fhir.hl7.org.uk/CodeSystem/UKCore-PracticeSettingCode", "Chemical Pathology", "UKCorePracticeSettingCode"
"823", "https://fhir.hl7.org.uk/CodeSystem/UKCore-PracticeSettingCode", "Haematology", "UKCorePracticeSettingCode"
"824", "https://fhir.hl7.org.uk/CodeSystem/UKCore-PracticeSettingCode", "Histopathology", "UKCorePracticeSettingCode"
"830", "https://fhir.hl7.org.uk/CodeSystem/UKCore-PracticeSettingCode", "Immunopathology", "UKCorePracticeSettingCode"
"831", "https://fhir.hl7.org.uk/CodeSystem/UKCore-PracticeSettingCode", "Medical Microbiology and Virology", "UKCorePracticeSettingCode"
"833", "https://fhir.hl7.org.uk/CodeSystem/UKCore-PracticeSettingCode", "Medical Microbiology", "UKCorePracticeSettingCode"
"834", "https://fhir.hl7.org.uk/CodeSystem/UKCore-PracticeSettingCode", "Medical Virology", "UKCorePracticeSettingCode"
"900", "https://fhir.hl7.org.uk/CodeSystem/UKCore-PracticeSettingCode", "Community Medicine", "UKCorePracticeSettingCode"
"901", "https://fhir.hl7.org.uk/CodeSystem/UKCore-PracticeSettingCode", "Occupational Medicine", "UKCorePracticeSettingCode"
"902", "https://fhir.hl7.org.uk/CodeSystem/UKCore-PracticeSettingCode", "Community Health Services Dental", "UKCorePracticeSettingCode"
"903", "https://fhir.hl7.org.uk/CodeSystem/UKCore-PracticeSettingCode", "Public Health Medicine", "UKCorePracticeSettingCode"
"904", "https://fhir.hl7.org.uk/CodeSystem/UKCore-PracticeSettingCode", "Public Health Dental", "UKCorePracticeSettingCode"
"950", "https://fhir.hl7.org.uk/CodeSystem/UKCore-PracticeSettingCode", "Nursing", "UKCorePracticeSettingCode"
"960", "https://fhir.hl7.org.uk/CodeSystem/UKCore-PracticeSettingCode", "Allied Health Professional", "UKCorePracticeSettingCode"
"WALKIN", "http://terminology.hl7.org/CodeSystem/v2-0276", "A previously unscheduled walk-in visit", "v2.0276"
"788007007", "http://snomed.info/sct", "General practice service", "ServiceCategory"
"17", "http://terminology.hl7.org/CodeSystem/service-category", "General Practice", "ServiceCategory"
"708190004", "http://snomed.info/sct", "Immunology service", "ServiceType"
"408480009", "http://snomed.info/sct", "Clinical immunology", "UKCorePracticeSettingCode"
"62247001", "http://snomed.info/sct", "General practitioner", "PractitionerRole"
"128004", "http://snomed.info/sct", "Hand microscope examination of skin", "UKCoreProcedureCode"
